DocID,Cluster,Title,Source,Date,URL to full text,Archived URL,Citation(s),Docket number,Court,Type of court,Plaintiff,Defendant(s)
100,,Ostby & Barton Co. V. Jungersen,2,7-May-46,"https://scholar.google.com/scholar_case?case=1760380272491079447&q=postdoc*&hl=en&as_sdt=6,34",https://archive.vn/2kOqb,65 F.Supp. 652 (1946),1438,"United States District Court, D. New Jersey",Federal court,Ostby & Barton Co. ,Jungersen
200,,Ti Li Loo V. Commissioner Of Internal Revenue,1,30-Apr-54,https://casetext.com/case/ti-li-loo-v-commr-of-internal-revenue-1,https://archive.ph/oxEDG,22 T.C. 220 (U.S.T.C. 1954),45288,United States Tax Court,Special court,Ti Li Loo,Commissioner Of Internal Revenue
300,,Vincent E. Jenkins V. United States,1,7-Jun-62,https://www.courtlistener.com/opinion/258177/vincent-e-jenkins-v-united-states/?,https://archive.ph/znH9v,307 F.2d 637; 113 U.S.App.D.C. 300,16306_1,United States Court of Appeals District of Columbia Circuit,Federal court,Vincent E. Jenkins (Appellant),United States Of America (Appellee)
400,,"Nassau Neuropsychiatric Society, Inc.,  V. Adelphi University Et Al.",1,22-Nov-66,https://casetext.com/case/nassau-neuro-soc-v-adelphi-univ,https://archive.ph/wXTAF,222 N.E.2d 380 (N.Y. 1966); 222 N.E.2d 380; 275 N.Y.S.2d 511,no docket number,Court of Appeals of New York,State court,Nassau Neuropsychiatric Society,Adelphi University Et Al.
500,,Stephen L. Zolnay And Elizabeth V. Zolnay V. Commissioner Of Internal Revenue,1,23-Jan-68,https://casetext.com/case/zolnay-v-commr-of-internal-revenue,https://archive.ph/je3aV,49 T.C. 389 (U.S.T.C. 1968),4312-65,United States Tax Court,Special court,Stephen L. And Elizabeth V. Zolnay,Commissioner Of Internal Revenue
600,,"Richard E. Johnson And Beverly P. Johnson  And Martin L. Pomerantz And Phyllis L. Pomerantz And Richard A. Wolfe And Anne F. Wolfe V. John H. Bingler, District Director Of Internal Revenue",1,5-Jun-68,"https://scholar.google.com/scholar_case?case=16397157997397506836&q=Richard+E.+Johnson+and+Beverly+P.+Johnson,+His+Wife,+and+Martin+L.+Pomerantz+and+Phyllis+L.+Pomerantz,+His+Wife,+and+Richard+A.+Wolfe+and+Anne+F.+Wolfe,+His+Wife+v.+John+H.+Bingler,+District+Director+of+Internal+Revenue.richard+E.+Johnson+and+Beverly+P.+Jo&hl=en&as_sdt=6,34",https://archive.ph/QUWBt,396 F.2d 258 (1968),"16826, 16827, 16928","United States Court of Appeals, Third Circuit",Federal court,"Richard E. And Beverly P. (Wife) Johnson, Martin L. And Phyllis L. Pomerantz (Wife), Richard A. And Anne F. (Wife) Wolfe","John H. Bingler, District Director Of Internal Revenue"
700,,"Claus Dieter Hetzer, Petitioner, V. Immigration And Naturalization Service",1,5-Jun-70,"https://scholar.google.com/scholar_case?case=17697702055856974040&q=Claus+Dieter+Hetzer,+Petitioner,+v.+Immigration+and+Naturalization+Service,+Respondent,+420+F.2d+357+(9th+Cir.+1970)&hl=en&as_sdt=6,34",https://archive.ph/YXvCF,420 F.2d 357 (1970),23080,"United States Court of Appeals, Ninth Circuit.",Federal court,Claus Dieter Hetzer,Immigration And Naturalization Service
800,,Wijsman V. Commisioner Of Internal Revenue,1,28-Jul-70,https://www.casemine.com/judgement/us/5e7902f54653d07bcffd5a42,https://archive.ph/Z7Xlh,54 T.C. 1539,4220-67,United States Tax Court,Special court,Robert A. And Gertrud Z. Wijsman,Commissioner Of Internal Revenue
900,,Harvey P. Utech V. Commissioner Of Internal Revenue,1,9-Dec-70,https://casetext.com/case/utech-v-commr-of-internal-revenue,https://archive.ph/8awmt,55 T.C. 434 (U.S.T.C. 1970),4991-68,United States Tax Court,Special court,Harvey P. Utech,Commissioner Of Internal Revenue
1000,,Beulah W. Woodfin V. Commissioner,1,24-Feb-72,"https://scholar.google.com/scholar_case?case=17502046017146175437&q=Beulah+W.+Woodfin+V.+Commissioner&hl=en&as_sdt=6,34",https://archive.ph/2lLai,31 T.C.M. (CCH) 208 (1972); T.C. Memo. 1972-49,2922-70,United States Tax Court,Special court,Beulah M. Woodfin,Commissioner Of Internal Revenue
1100,,Louis C. Vaccaro And Jean M. Vaccaro V. Commissioner Of Internal Revenue,1,31-Jul-72,"https://scholar.google.com/scholar_case?case=7602008666138187078&q=Beulah+W.+Woodfin+V.+Commissioner&hl=en&as_sdt=6,34",https://archive.ph/cMnhe,58 T.C. 721 (1972),6377-69,United States Tax Court,Special court,Louis C. And Jean M. Vaccaro,Commissioner Of Internal Revenue
1200,,Robert W. Carroll And Berenice A. Carroll V. Commissioner Of Internal Revenue,1,23-Apr-73,https://casetext.com/case/carroll-v-commr-of-internal-revenue-3,https://archive.ph/xWkzs,60 T.C. 96 (U.S.T.C. 1973),"3127-71, 336-72",United States Tax Court,Special court,Robert W. And Berenice A. Carroll,Commissioner Of Internal Revenue
1300,,George L. Bailey V. Commissioner,1,18-Jun-73,"https://scholar.google.com/scholar_case?case=8553052973774967748&q=commissioner+v.+george+bailey&hl=en&as_sdt=6,34",https://archive.ph/aFhMK,60 T.C. 447 (1973),643-72,United States Tax Court,Special court,George L. Bailey,Commissioner Of Internal Revenue
1400,,Frank C. Gibb And Lorraine E. Gibb V. Commissioner,1,21-Aug-74,https://casetext.com/case/gibb-v-commissioner-of-internal-revenue,https://archive.ph/pgxWs,501 F.2d 1086 (6th Cir. 1974),73-2241,"United States Court of Appeals, Sixth Circuit",Federal court,Frank C. (Husband) And Lorraine E. Gibb,Commissioner Of Internal Revenue
1500,,"Gerald R. Faloona And Lynda Faloona, V. Commissioner Of Internal Revenue",1,27-Feb-75,"https://scholar.google.com/scholar_case?case=9251218876137976673&q=commissioner+v.+faloona&hl=en&as_sdt=6,34",https://archive.ph/RI8jx,34 T.C.M. (CCH) 265 (1975); T.C. Memo. 1975-40,8022-71,United States Tax Court,Special court,Gerald R. And Lynda Faloona,Commissioner Of Internal Revenue
1600,,Melvin H. Weiner V. Commissioner Of Internal Revenue,1,27-May-75,https://casetext.com/case/weiner-v-commr-of-internal-revenue,https://archive.ph/ZLHkJ,64 T.C. 294 (U.S.T.C. 1975),907-73,United States Tax Court,Special court,Melvin H. Weiner,Commissioner Of Internal Revenue
1700,,Bruce A. Pappas V. Commissioner,1,29-May-75,"https://scholar.google.com/scholar_case?case=252262656516056132&q=commissioner+v.+pappas&hl=en&as_sdt=6,34",https://archive.ph/9TAnj,78 T.C. 1078 (1982,5525-73,United States Tax Court,Special court,Bruce A. Pappas,Commissioner Of Internal Revenue
1800,,Race L. C. Kao V. Commissioner Of Internal Revenue,1,24-Aug-77,"https://scholar.google.com/scholar_case?case=13334848913637314946&q=Race+L.+C.+Kao+V.+Commissioner+Of+Internal+Revenue&hl=en&as_sdt=6,34",https://archive.ph/VJw5A,36 T.C.M. (CCH) 1143 (1977); T.C. Memo. 1977-288.,"820-76, 1977-288",United States Tax Court,Special court,Race L. C. Kao,Commissioner Of Internal Revenue
1900,,Barbara Davis V. Joseph A. Califano Et Al,1,8-Mar-78,https://casetext.com/case/davis-v-califano-6,https://archive.ph/7cOdd,613 F.2d 957 (D.C. Cir. 1979),75-0205,"USDC, District of Columbia",Federal court,Barbara Davis,Joseph Califano
2000,,"Ray Marshall, Secretary Of Labor V. Woods Hole Oceanographic Institution",1,3-Oct-78,https://law.justia.com/cases/federal/district-courts/FSupp/458/709/1876096/,https://archive.ph/kLpme,458 F. Supp. 709 (D. Mass. 1978),CIV. 74-1306-T,"USDC, D. Massachusetts",State court,"Ray Marshall, Secretary Of Labor, Us Dept Of Labor",Woods Hole Oceanographic Institute
2100,,Richard L. Sylvan And Patricia K. Sylvan V. Commissioner,1,24-Sep-79,"https://scholar.google.com/scholar_case?case=17623536966290254052&q=sylvan+v+commissioner+of+internal+revenue&hl=en&as_sdt=6,34",https://archive.ph/q6khP,65 T.C. 548 (1975),8721-76,United States Tax Court,Special court,Richard L. And Patricia K. Sylvan,Commissioner Of Internal Revenue
2200,,"Paul A. Stern, Et Al. V. Tarrant County Hospital District",1,18-Dec-85,https://casetext.com/case/stern-v-tarrant-county-hosp-dist,https://archive.ph/4ifQc,778 F.2d 1052 (5th Cir. 1985),83-1638,"United States Court of Appeals, Fifth Circuit.",Federal court,"Paul A. Stern, Et Al.","Tarrant County Hospital District, George J. Luibel"
2300,,Regents Of University Of California V. California Association Of Interns And Residents,1,3-Apr-86,https://caselaw.findlaw.com/ca-supreme-court/1842960.html,https://archive.ph/v0UgW,41 Cal.3d 601.docx,S.F. 24803,Supreme Court of California,State court,Regents Of University Of California,California Association Of Interns And Residents
2400,4,United States Of America V. Thomas K. Bills. MD,5,19-Mar-86,"https://scholar.google.com/scholar_case?case=12686634521497631869&q=United+States+Of+America+V.+Thomas+K.+Bills&hl=en&as_sdt=6,34",https://archive.ph/BEP3Y,639 F.Supp. 825 (1986),Civ. No. 84-3808 (AET).,"United States District Court, D. New Jersey",Federal court,United States Of America,Thomas K. Bills. MD
2500,4,United States Of America V. Thomas K. Bills. MD,1,25-Jun-87,"https://scholar.google.com/scholar_case?case=16373634225136049480&q=822+F.2d+373&hl=en&as_sdt=6,34",https://archive.ph/IXs8P,822 F.2d 373,86-5586,"United States Court of Appeals, Third Circuit",Federal court,Thomas K. Bills,United States Of America
2600,,Anthony Joseph Piazza V. Commissioner Of Internal Revenue,1,10-Jan-89,"https://scholar.google.com/scholar_case?case=81833136670721947&q=Anthony+Joseph+Piazza+V.+Commissioner+Of+Internal+Revenue&hl=en&as_sdt=6,34",https://archive.ph/R2HaI,56 T.C.M. (CCH) 1027 (1989) T.C. Memo. 1989-11,1248-87,United States Tax Court,Special court,Anthony Joseph Piazza,Commissioner Of Internal Revenue
2700,,"Marie-Therese Halim Assaad-Faltas V. University Of Arkansas For Medical Sciences; Aubrey Hough, Jr.; A.A. Pappas; And M. Melinda Sanders",1,1-Mar-89,"https://scholar.google.com/scholar_case?case=2929668569591626286&q=Marie-Therese+Halim+Assaad-Faltas+V.+University+Of+Arkansas+For+Medical+Sciences%3B+Aubrey+Hough,+Jr.%3B+A.A.+Pappas%3B+And+M.+Melinda+Sanders&hl=en&as_sdt=6,34",https://archive.ph/rBTSP,708 F.Supp. 1026 (1989),"LR-C-87-365, LR-C-87-439","USDC, E.D. Arkansas, Western Division",Federal court,Marie-Therese Halim Assaad-Faltas,"University Of Arkansas For Medical Sciences, Et Al."
2800,2,Paul Handeen v. Gregory A. LeMaire,5,5-Jul-89,"https://scholar.google.com/scholar_case?case=13202852209404058977&q=In+Re:+Lemaire+1989&hl=en&as_sdt=6,34",https://archive.ph/0pMtb,883 F.2d 1373 (1989),88-5275,"United States Court of Appeals, Eighth Circuit",Federal court,Paul Handeen,Gregory A. LeMaire
2900,2,Paul Handeen V. Gregory A. Lemaire,1,26-Mar-90,"https://scholar.google.com/scholar_case?case=9142419787585962006&q=898+F.2d+1346+(8th+Cir.+1990)&hl=en&as_sdt=6,34",https://archive.ph/TfDbX,898 F.2d 1346 (8th Cir. 1990),88-5275,"United States Court of Appeals, Eighth Circuit",Federal court,"Gregory A. Lemaire, Appellee","Paul Handeen, Appellant"
3000,5,"Joseph San Filippo, Jr., V. Michael Bongiovanni, Anthony S. Cicatiello, Adreienne S. Anderson, Donald M. Dickerson, Floyd H. Bragg, Norman Reitman, Individually And As Members Of The Board Of Governors Of Rutgers University",5,25-Jul-90,"https://scholar.google.com/scholar_case?case=2740793854059655690&q=Joseph+San+Filippo,+Jr.,+V.+Michael+Bongiovanni,+Anthony+S.+Cicatiello,+Adreienne+S.+Anderson,+Donald+M.+Dickerson,+Floyd+H.+Bragg,+Norman+Reitman,+Individually+And+As+Members+Of+The+Board+Of+Governors+Of+Rutgers+University&hl=en&as_sdt=6,34",https://archive.ph/JQDr9,743 F.Supp. 327 (1990),Civ. A. No. 88-2575.,"United States District Court, D. New Jersey",Federal court,"Joseph San Filippo, Jr.","Michael Bongiovanni, Anthony S. Cicatiello, Adreienne S. Anderson, Donald M. Dickerson, Floyd H. Bragg, Norman Reitman, Individually And As Members Of The Board Of Governors Of Rutgers University"
3100,,People V. Wharton,4,29-Apr-91,"https://scholar.google.com/scholar_case?case=2417663298316896265&q=People+V.+Wharton+1991&hl=en&as_sdt=6,34",https://archive.ph/FHKSt,53 Cal.3d 522 (1991); 809 P.2d 290; 280 Cal. Rptr. 631,S004769,Supreme Court of California,State court,People,Wharton
3200,5,"Joseph San Filippo, Jr., V. Michael Bongiovanni, Anthony S. Cicatiello, Adreienne S. Anderson, Donald M. Dickerson, Floyd H. Bragg, Norman Reitman, Individually And As Members Of The Board Of Governors Of Rutgers University",1,22-Apr-92,"https://scholar.google.com/scholar_case?case=14899847121405318255&q=Joseph+San+Filippo,+Jr.,+V.+Michael+Bongiovanni,+Anthony+S.+Cicatiello,+Adreienne+S.+Anderson,+Donald+M.+Dickerson,+Floyd+H.+Bragg,+Norman+Reitman,+Individually+And+As+Members+Of+The+Board+Of+Governors+Of+Rutgers+University&hl=en&as_sdt=6,34",https://archive.ph/hwwSH,961 F.2d 1125 (1992),90-6052,"United States Courts of Appeals, Third Circuit",Federal court,"Joseph San Filippo, Jr.","Michael Bongiovanni, Anthony S. Cicatiello, Adreienne S. Anderson, Donald M. Dickerson, Floyd H. Bragg, Norman Reitman, Individually And As Members Of The Board Of Governors Of Rutgers University"
3300,,United States V. John Stuart Cheng,2,1-Dec-93,"https://scholar.google.com/scholar_case?case=1189310100957239124&q=postdoc*&hl=en&as_sdt=6,34",https://archive.ph/vXxLG,840 F.Supp. 93 (1993),C 92-3799 SAW,"United States District Court, N.D. California",Federal court,United States,"John Stuart Cheng, Aka, John Stuart Chang"
3400,5,"Joseph San Filippo, Jr., V. Michael Bongiovanni, Anthony S. Cicatiello, Adreienne S. Anderson, Donald M. Dickerson, Floyd H. Bragg, Norman Reitman, Individually And As Members Of The Board Of Governors Of Rutgers University; Rutgers Council of American Association of University Professors, Amicus Curiae",5,21-Jul-94,"https://scholar.google.com/scholar_case?case=5549864586006492698&q=Joseph+San+Filippo,+Jr.,+V.+Michael+Bongiovanni,+Anthony+S.+Cicatiello,+Adreienne+S.+Anderson,+Donald+M.+Dickerson,+Floyd+H.+Bragg,+Norman+Reitman,+Individually+And+As+Members+Of+The+Board+Of+Governors+Of+Rutgers+University&hl=en&as_sdt=6,34",https://archive.ph/yEjVM,30 F.3d 424 (1994),93-5658.,"United States Court of Appeals, Third Circuit",Federal court,"Joseph San Filippo, Jr.","Michael Bongiovanni, Anthony S. Cicatiello, Adreienne S. Anderson, Donald M. Dickerson, Floyd H. Bragg, Norman Reitman, Individually And As Members Of The Board Of Governors Of Rutgers University; Rutgers Council of American Association of University Professors, Amicus Curiae"
3500,,"United States Of America Ex Rel. Kathryn M. Milam V. The Regents Of The University Of California, University Of California, Brain Tumor Research Center, Charles B. Wilson, Laurence J. Marton, Dennis F. Deen, Burt G. Feuerstein, The University Of Texas M.D. Anderson Cancer Center, Philip J. Tofilon",2,6-Oct-95,"https://scholar.google.com/scholar_case?case=10116587579644538734&q=postdoc*&hl=en&as_sdt=6,34",https://archive.ph/JORY3,912 F.Supp. 868 (1995),B-90-523,828 F.Supp. 78 (1993),Federal court,United States Of America Ex Rel. Kathryn M. Milam,"The Regents Of The University Of California, University Of California, Brain Tumor Research Center, Charles B. Wilson, Laurence J. Marton, Dennis F. Deen, Burt G. Feuerstein, The University Of Texas M.D. Anderson Cancer Center, Philip J. Tofilon."
3600,,Hess V. Advanced Cardiovascular Systems Inc,1,18-Feb-97,https://caselaw.findlaw.com/us-federal-circuit/1230314.html,https://archive.ph/BaQO9,106 F.3d 976 (1997),96-1066,"United States Court of Appeals, Federal Circuit",Federal court,Robert L. Hess,"Advanced Cardiovascular Systems, Inc., Scimed Life Systems"
3700,2,"Paul Handeen V. Gregory A. Lemaire; Henry Lemaire; Patricia Lemaire, Defendants,
Orlins & Brainerd Law Firm; Richard K. Brainerd; Peter I. Orlins",5,7-May-97,"https://scholar.google.com/scholar_case?case=16566607057486626277&q=Handeen+V.+Orlins+%26+Brainerd+Law+Firm&hl=en&as_sdt=6,34",https://archive.ph/PFwFs,112 F.3d 1339 (1997),95-3678,"United States Court of Appeals, Eighth Circuit",Federal court,Paul Handeen ,Gregory A. Lemaire; Henry Lemaire; Patricia Lemaire; Orlins & Brainerd Law Firm; Richard K. Brainerd; Peter I. Orlins
3800,,Rosalva Sada V. Robert F. Kennedy Medical Center,2,1-Jul-97,"https://scholar.google.com/scholar_case?case=9628474593485732264&q=post-doc*&hl=en&as_sdt=6,34",https://archive.ph/glv5v,56 Cal.App.4th 138 (1997),B097966,"Court of Appeals of California, Second District, Division One.",State court,Rosalva Sada,Robert F. Kennedy Medical Center
3900,,"Michael A. Austin, Richard Elliot, Ogie Lee Hayes, Charles Orlander Guess, Warren Leatherwood, And Kervin Goodwin V. Joe Hopper, Commissioner Of The Alabama Department Of Corrections",2,10-Aug-98,"https://scholar.google.com/scholar_case?case=3805473057231142407&q=post-doc*&hl=en&as_sdt=6,34",https://archive.ph/SNvHx,15 F.Supp.2d 1210 (1998),CIV.A. 95-T-637-N,"United States District Court, M.D. Alabama, Northern Division",State court,"Michael A. Austin, Richard Elliot, Ogie Lee Hayes, Charles Orlander Guess, Warren Leatherwood, And Kervin Goodwin","Joe Hopper, Commissioner Of The Alabama Department Of Corrections"
4000,,Yuriy E. Lyashenko V. The United States,1,14-Aug-98,https://cite.case.law/fed-cl/41/626/,https://archive.ph/7HuVB,41 Fed. Cl. 626,98-136T,United States Court of Federal Claims,Federal court,Yuriy E. Lyashenko,The United States
4100,,Michael B. Streiff And Lauren D. Streiff V. Commissioner,1,23-Mar-99,"https://scholar.google.com/scholar_case?case=2998603893038621529&q=Michael+B.+Streiff+and+Lauren+D.+Streiff+v.+Commissioner.&hl=en&as_sdt=6,34",https://archive.ph/aktO7,77 T.C.M. 1565 (1999),12017-97,United States Tax Court,Special court,Michael B. And Lauren D. Streiff,Commissioner Of Internal Revenue
4200,,Ling Zhang & Another V. Massachusetts Institute Of Technology,1,5-Apr-99,"https://scholar.google.com/scholar_case?case=13673706080840185986&q=post-doc*&hl=en&as_sdt=6,34",https://archive.ph/2bsNM,46 Mass. App. Ct. 597 (1999),96-P-1588,"Appeals Court of Massachusetts, Middlesex",State court,Ling Zhang,Mass. Institute Of Technology
4300,,"Sheba M.J. Mohankumar V. Kansas State University; Ronald Marler, And Jon D. Dunn",1,13-May-99,"https://scholar.google.com/scholar_case?case=16515691985055021308&q=postdoc*&hl=en&as_sdt=6,34",https://archive.ph/5jrPR,60 F.Supp.2d 1153 (1999),"97-1199-WEB, 98-1174-WEB","USDC, D. Kansas",Federal court,Sheba M.J. Mohankumar,"Kansas State University, Ronald Marler, And John D. Dunn"
4400,,"Marie Aquilino, Ph.D.  V. University Of Kansas",1,11-Feb-00,https://casetext.com/case/aquilino-v-university-of-kansas,https://archive.ph/7oLRf,83 F. Supp. 2d 1248 (D. Kan. 2000),CIV.A. 99-2231-KHV,"United States District Court, D. Kansas",Federal court,Marie Aquilino,University Of Kansas
4500,,"Perry J. Bingham, D.D.S., And The American Academy Of Implant Dentistry V. Cathleen Hamilton, Et Al.",1,15-May-00,https://www.lawpublish.com/federal-courts/commercial-speech.html,https://archive.ph/miK5j,100 F.Supp.2d 1233 (2000),CIV.S-99-0499 DFL JF,"United States District Court, E.D. California",Federal court,"Perry J. Bingham, D.D.S.","Cathleen Hamilton In Her Official Capacity As Director, California Department Of Consumer Affairs, Et Al."
4600,6,"Michael Gyda, Iii, V. Temple University, Temple University School Of Medicine, Temple University Department Of Campus Safety Services, Kimi Hatton, Ph.D., Robert Suhadolnik, Ph.D., And Dawn Marks, Ph.D.",1,23-May-00,https://www.paed.uscourts.gov/documents/opinions/00D0421P.pdf,https://archive.ph/Q2pTd,N/A,CIV.A. 98-1374,"United States District Court, E.D. Pennsylvania",Federal court,"Michael Gyda, Iii","Temple University, Et Al."
4700,,"Microbix Biosystems, Inc., Plaintiff V. Biowhittaker, Inc., Et Al.",1,22-Aug-00,"https://scholar.google.com/scholar_case?case=13597832553769785620&q=Microbix+Biosystems,+Inc.+v.+BioWhittaker,+Inc.,+184+F.+Supp.+2d+434+(D.+Md.+2000)&hl=en&as_sdt=6,34",https://archive.ph/up0Dy,184 F.Supp.2d 434 (2000),MJG-97-2525,"United States District Court, D. Maryland",Federal court,"Microbix Biosystems, Inc.","Biowhittaker, Inc. And Abbot Laboratories (Counterclaimant)"
4800,,"Robert Lee Allen, Plaintiff, V. Minnesota Life Insurance Company, Defendant",1,28-Feb-01,"https://scholar.google.com/scholar_case?case=16954612640594075107&q=Robert+Lee+ALLEN,+Plaintiff,+v.+MINNESOTA+LIFE+INSURANCE+&hl=en&as_sdt=6,34",https://archive.ph/MrYTH,216 F.Supp.2d 1377 (2001),99-CV-1610,"United States District Court, N.D. Georgia, Atlanta Division",Federal court,Robert Lee Allen,Minnesota Life Insurance Company
4900,,Joany Chou V. University Of Chicago,2,3-Jul-01,"https://scholar.google.com/scholar_case?case=13752704495874315956&q=Joany+Chou+V.+University+Of+Chicago&hl=en&as_sdt=6,34",https://archive.ph/jnWnU,254 F.3d 1347 (2001),00-1317,"United States Court of Appeals, Federal Circuit",Federal court,Joany Chou,"University Of Chicago, and Arch Development Corporation, and Bernard Roizman, and Aviron Company"
5000,,Shome N. Sinha V. The Board Of Trustees Of The University Of Illinois,1,15-Aug-01,https://casetext.com/case/sinha-v-board-of-trustees-of-the-university-of-illinois,https://archive.ph/mvVpZ,N/A,98 C 7275,"United States District Court, N.D. Illinois, Eastern Division",Federal court,Shome N. Sinha,The Board Of Trustees Of The University Of Illinois
5100,,Gautieri V. U.S.,1,19-Sep-01,https://casetext.com/case/gautieri-v-us,https://archive.ph/oBfrn,167 F.Supp.2d 207 (2001),C.A. 00-053-L,"United States District Court, D. Rhode Island",Federal court,John Gautieri,United States Of America
5200,,Reginald Halaby V. Claudette Halaby,1,6-Dec-01,https://casetext.com/case/halaby-v-halaby-1,https://archive.ph/OezQJ,289 A.D.2d 657 (N.Y. App. Div. 2001); 734 N.Y.S.2d 27,89327,"Supreme Court, Appellate Division, Third Department, New York",State court,Reginald Halaby,Claudette Halaby
5300,,Natalia Sizova V. National Institute Of Standards & Technology And Regents Of The University Of Colorado,2,13-Mar-02,"https://scholar.google.com/scholar_case?case=705030198688975102&q=postdoc*&hl=en&as_sdt=6,34",https://archive.ph/15T36,282 F.3d 1320 (2002),18872-02S,"United States Court of Appeals, Tenth Circuit",Federal court,Natalia Sizova,National Institute Of Standards & Technology And Regents Of The University Of Colorado
5400,,Margaret Corasanti V. James G. Corasanti,1,3-Jul-02,https://casetext.com/case/corasanti-v-corasanti,https://archive.ph/gZTia,296 A.D.2d 831 (N.Y. App. Div. 2002); 744 N.Y.S.2d 614,697 CA 01-00251,"Supreme Court, Appellate Division, Fourth Department, New York",State court,Margaret Corasanti,James G. Corasanti
5500,,Stephan Bartsch And Eva Bartsch V. Commissioner Of Internal Revenue,1,20-Jan-04,https://www.courtlistener.com/opinion/4557499/bartsch-v-commissioner/,https://archive.ph/WzRWh,2004 T.C. Summary Opinion 3,18872-02S,United States Tax Court,Special court,Stephan And Eva Bartsch,Commission Of Internal Revenue
5600,,"Dr. Henry Huang, Plaintiff V. California Institute Of Technology, Et Al.",1,18-Feb-04,https://casetext.com/case/huang-v-california-institute-of-technology,https://archive.ph/y1Ryj,N/A,CV 03-1140 MRP,"United States District Court, C.D. California",Federal court,Dr. Henry Huang,"California Institute Of Technology, Et Al."
5700,,Klein V. Miller,1,30-Mar-04,https://casetext.com/case/klein-v-miller-2,https://archive.ph/z4wy0,N/A,CIV.A.SA-02-CA-687FB,"United States District Court, W.D. Texas, San Antonio Division",Federal court,"Patricia, Theodore (Deceased), And Robert Klein","Drs. Otto La Wayne Miller, Scott Bostow Johnson, Jaydeep S. Shah, And The United States"
5800,,People V. Pruitt,1,10-Nov-04,? description only: https://appellatecases.courtinfo.ca.gov/search/case/mainCaseScreen.cfm?dist=0&doc_id=1859883&doc_no=S128205&request_token=NiIwLSEmTkw8W1BRSCItTExIMFA0UDxfISBeTzpSICAgCg%3D%3D,https://archive.ph/xXOmc,S128205,E031535,"Court of Appeal, Fourth District, Division 2",State court,The People,Kevin Pruitt
5900,,Muthu Sundaram V. Brookhaven National Laboratories,2,19-Jan-06,"https://scholar.google.com/scholar_case?case=17301010924251947517&q=post-doc*&hl=en&as_sdt=6,34",https://archive.ph/lS45R,424 F.Supp.2d 545 (2006),CV-94-2330 (NG)(VVP),"United States District Court, E.D. New York",Federal court,Muthu Sundaram,Brookhaven National Laboratories
6000,,Wendy Woodruff V. Dennis Ohman,1,9-Feb-06,https://cases.justia.com/federal/appellate-courts/ca6/05-5268/06a0107n-06-2011-02-25.pdf,https://archive.ph/Vc5FO,File name 06a0107n.06,1230260,"US Court of Appeals, Sixth Circuit",Federal court,Wendy Woodruff,"Dennis Ohman, University Of Tennessee"
6100,,"Muthu Sundaram V. Brookhaven National Laboratories, Et Al.",1,29-Mar-06,"https://scholar.google.com/scholar_case?case=14266189905985919553&q=post-doc*&hl=en&as_sdt=6,34",https://archive.ph/4TLQp,N/A,94 CV 2330 NG VVp,"USDC, E.D. New York",Federal court,Muthu Sundaram,"Brookhaven National Laboratories, Et Al."
6200,3,Commonwealth Vs. Martin Urban,5,11-Sep-06,"https://scholar.google.com/scholar_case?case=17660476350940625335&q=commonwealth+v.+urban+2006&hl=en&as_sdt=6,34",https://archive.ph/Yk4HT,67 Mass. App. Ct. 301 - Mass: Appeals Court 2006; 853 N.E.2d 432;, No. 04-P-1695,"Court of Appeals of Massachusetts, Suffolk",State court,Commonwealth,Martin Urban
6300,,Jesus Rico-Sanz V. State Of Louisiana & Pennington Biomedical Center,1,23-Oct-06,https://www.lamd.uscourts.gov/Opinions/2004/04-693.rul.pdf,https://archive.ph/1s3JY,N/A,CIV.A.04-693-JJB-DL,"United States District Court, M.D. Louisiana",State court,Jesus Rico-Sanz,State Of Louisiana & Pennington Biomedical Center
6400,,"Jin Zhao V. State University Of New York, Research Foundation Of The State University Of New York, And Dr. Olcay Batuman",1,9-Jan-07,"https://scholar.google.com/scholar_case?case=12955969007763547123&q=JIN+ZHAO,Plaintiff,VERSUS+STATE+UNIVERSITY+OF+NEW+YORK,RESEARCH+FOUNDATION+OF+THE+STATE+UNIVERSITY+OF+NEW+YORK,+AND+DR.OLCAY+BATUMAN&hl=en&as_sdt=6,34",https://archive.ph/4F8kB,472 F.Supp.2d 289 (2007),04 CV 0210 JFB RML,"United States District Court, E.D. New York.",Federal court,Jin Zhao,State University Of New York And The Research Foundation Of The State University Of New York
6500,,"Vfw John O'Connor Post # 4833 V. Santa Rosa County, Florida",2,12-Mar-07,"https://scholar.google.com/scholar_case?case=5238025315944973382&q=post-doc*&hl=en&as_sdt=6,34",https://archive.ph/bTFQU,506 F.Supp.2d 1079 (2007),3:06cv152/MCR,"United States District Court, N.D. Florida, Pensacola Division",Federal court,"Vfw John O'Connor Post # 4833, A Florida Non-Profit Corporation","Santa Rosa County, Florida, A Political Subdivision Of The State Of Florida"
6600,,Sherry Towers V. State University Of New York At Stony Brook,1,21-May-07,https://www.casemine.com/judgement/us/5914b420add7b0493476a60b,https://archive.ph/iAQM3,N/A,CV-04-5243 GB TML,"United States District Court, E.D. New York.",Federal court,Sherry Towers,State University Of New York At Stony Brook And The Research Foundation Of The State University Of New York At Stony Brook
6700,,"Massachusetts Institute Of Technology, Et Al. V. Imclone Systems, Inc",1,8-Jun-07,"https://scholar.google.com/scholar_case?case=3626923665478357171&q=post-doc*&hl=en&as_sdt=6,34",https://archive.ph/BFt3T,490 F.Supp.2d 119 (2007),CIV.A. 04-10884-RGS,"USDC, D. Massachusetts",Federal court,Massachusetts Institute Of Technology,Imclone Systems
6800,3,Commonwealth Vs. Martin Urban,1,8-Feb-08,http://masscases.com/cases/sjc/450/450mass608.html,https://archive.ph/rYNTi,N/A,450 Mass. 608,"Supreme Judicial Court of Mass., Suffolk",State court,Commonwealth,Martin Urban
6900,,Nathaniel Abraham V. Woods Hole Oceanographic Institute And Mark E. Hahn,1,22-Jan-09,https://www.morelaw.com/verdicts/case.asp?n=08-1655&s=MA&d=38806,https://archive.ph/SENjl,553 F.3d 114 (2009),-89270,"United States Court of Appeals, Ninth Circuit.",Federal court,Nathaniel Abraham,"Woods Hole Oceanographic Institute, And Mark E. Hahn"
7000,,Vanderbilt University V. Icos Corporation,1,27-Jan-09,"https://scholar.google.com/scholar_case?case=10872279846618517729&q=VANDERBILT+UNIVERSITY+v.+ICOS+CORP.&hl=en&as_sdt=6,34",https://archive.ph/Gz320,601 F.3d 1297 (2010),CIV. 05-506-SLR,"United States District Court, D. Delaware",Federal court,Vanderbilt University,"Icos, Corp."
7100,,Fedor Ratnikov V. Commissioner Of Internal Revenue,1,30-Mar-09,"https://scholar.google.com/scholar_case?case=6955674505743976762&q=postdoc*&hl=en&as_sdt=6,34",https://archive.ph/79S8g,T.C. Summary Opinion 2009-48,3770-07S,United States Tax Court,Special court,Fedor Ratnikov,Commissioner Of Internal Revenue
7200,,"Meena Chandok, Ph.D. V. Daniel Klessig, Ph.D",2,27-Aug-09,"https://scholar.google.com/scholar_case?case=14114195417098704797&q=postdoc*&hl=en&as_sdt=6,34",https://archive.ph/m3Smk,648 F.Supp.2d 449 (2009),5:05-1076,"United States District Court, N.D. New York.",Federal court,Meena Chandok,Daniel Klessig
7300,,Kazarian V. Citizenship And Immigration Services,1,4-Sep-09,https://caselaw.findlaw.com/us-9th-circuit/1295187.html,https://archive.ph/dncbJ,580 F.3d 1030 (2009),07-56774,"United States Court of Appeals, Ninth Circuit.",Federal court,Poghos Kazarian,U.S. Citizenship And Immigration Services
7400,1,In Re: Marina Karakozova,5,9-Oct-09,"https://scholar.google.com/scholar_case?case=1753235717284593519&q=In+Re:+Marina+Karakozova+&hl=en&as_sdt=6,34",https://archive.ph/E5QCt,N/A,502089,"United States Court of Appeals, Third Circuit",Federal court,"Marina V. Karakozova, Ph.D.",The Trustees Of The University :Of Pennsylvania
7500,,Sanjeev Sirpal V. University Of Miami,2,27-Jan-10,"https://scholar.google.com/scholar_case?case=4731885671422977566&q=post-doc*&hl=en&as_sdt=6,34",https://archive.ph/umvrb,684 F.Supp.2d 1349 (2010),09-22662-CIV,"United States District Court, S.D. Florida, Miami Division",Federal court,Sanjeev Sirpal,Sanjeev Sirpal V. University Of Miami
7600,,The People V. Raphael David Hunter,1,11-Mar-10,"https://scholar.google.com/scholar_case?case=15573262459986304027&q=THE+PEOPLE+v.+RAPHAEL+DAVID+HUNTER&hl=en&as_sdt=6,34",https://archive.ph/6vxoi,N/A,H034244,"Court of Appeal, Sixth District, California",State court,The People,Raphael David Hunter
7700,,"Pavel A. Nazarov, Ph.D., Plaintiff-Appellant, V. Board Of Supervisors Of Louisiana State University",1,7-May-10,https://casetext.com/case/nazarov-v-bd-of-sup-of-lsu,https://archive.ph/e9M8L,425 F. App'x 405 (5th Cir. 2011),10-30587,"United States District Court, Eastern District of Louisiana",Federal court,Pavel Nazarov,"Lsu, Et Al."
7800,,Pedro M. Canovas V. University Of Massachusetts Medical School Et Al,1,25-Jun-10,https://casetext.com/case/canovas-v-university-of-mass,https://archive.ph/GSrzv,N/A,92339,"Superior Court of Mass., Worcester County",State court,Pedro M. Canovas,U. Of Mass. Medical School Et Al.
7900,,The People V. Nghiem Duc Dang,2,14-Jul-10,"https://scholar.google.com/scholar_case?case=1853704436220357730&q=post-doc*&hl=en&as_sdt=6,34",https://archive.ph/9DK0W,N/A,D053687,"Court of Appeals of California, Fourth District, Division One",State court,The People,Nghiem Duc Dang
8000,,Pishvaee V. Regents Of University Of California,1,30-Aug-10,"https://scholar.google.com/scholar_case?case=15537644035117590689&q=PISHVAEE+v.+REGENTS+OF+UNIVERSITY+OF+CALIFORNIA&hl=en&as_sdt=6,34",https://archive.ph/1jZNV,N/A,B210446,"Court of Appeal, Second District, Division 8",Federal court,Babak Pishvaee,"Regents Of The U. Of California, Et Al."
8100,,In The Interest Of Mg,2,28-Oct-10,"https://scholar.google.com/scholar_case?case=16611478099365871539&q=post-doc*&hl=en&as_sdt=6,34",https://archive.ph/uNIja,N/A,30062,Intermediate Court of Appeals of Hawaii,State court,,
8200,8,"Hengjun Chao, M.D. V. The Mount Sinai Hospital",1,17-Dec-10,https://casetext.com/case/chao-v-mount-sinai-hospital-2,https://archive.ph/ARq2W,N/A,10 CV 2869 HB,"United States District Court, S.D. New York",Federal court,"Hengjun Chao, M.D.","The Mount Sinai Hospital, The Mount Sinai School Of Medicine, Et Al."
8300,,"Meena Chandok, Ph.D. V. Daniel F. Klessig, Ph.D",1,13-Jan-11,"https://scholar.google.com/scholar_case?case=18398307866954114717&q=post-doc*&hl=en&as_sdt=6,34",https://archive.ph/OILgj,632 F.3d 803 (2011),"09-4120-cv(L), 09-4121-cv(xap)","United States Court of Appeals, Second Circuit",Federal court,"Meena Chandok, Ph.D.","Daniel F. Klessig, Ph.D."
8400,,Herskovitz V Klein,1,21-Mar-11,"https://scholar.google.com/scholar_case?case=9015040601849239101&q=Herskovitz+v+Klein&hl=en&as_sdt=6,34",https://archive.ph/EJl1m,2011 NY Slip Op 50465(U),54828/09,"Supreme Court, Kings County, New York",State court,Paul J. Herskovitz,Esther Emerald Klein (Herskovitz)
8500,8,"Hengjun Chao, M.D. V. The Mount Sinai Hospital",5,22-Mar-11,"https://scholar.google.com/scholar_case?case=15955124555969140572&q=chao+v+mount+sinai+hospital&hl=en&as_sdt=6,34",https://archive.ph/jrDK2,N/A,10 CV 2869 HB,"United States District Court, S.D. New York",Federal court,"Hengjun Chao, M.D.",The Mount Sinai Hospital
8600,1,"Marina V. Karakozova, Ph.D., V. The Trustees Of The University Of Pennsylvania",5,24-Mar-11,"https://scholar.google.com/scholar_case?case=12579781550891129700&q=Marina+V.+Karakozova,+Ph.D.,+V.+The+Trustees+Of+The+University+Of+Pennsylvania&hl=en&as_sdt=6,34",https://archive.ph/Ui29R,N/A,09-02564,United States District Court for the Eastern District of Pennsylvania,,"Marina V. Karakozova, Ph.D.",The Trustees Of The University :Of Pennsylvania
8700,7,"Sergey Apionishev, V. Columbia University In The City Of New York",1,25-Mar-11,https://casetext.com/case/apionishev-v-columbia-univ-in-the-city-of-new-york,https://archive.ph/pdUEA,N/A,09 CIV. 6471,"United States District Court, S.D. New York",Federal court,Sergey Apionishev,Columbia University
8800,1,"Marina V. Karakozova, Ph.D., V. The Trustees Of The University Of Pennsylvania",1,9-May-11,https://www.govinfo.gov/content/pkg/USCOURTS-paed-2_09-cv-02564/pdf/USCOURTS-paed-2_09-cv-02564-6.pdf,Archived via Wayback Machine,Case 2:09-cv-02564-TON Document 67,CIV.A. 09--2564,"United States District Court, E.D. Pennsylvania",Federal court,"Marina V. Karakozova, Ph.D.",The Trustees Of The University Of Pennsylvania
8900,,"Sanjeev Sirpal V. University Of Miami, James D. Potter, Ph.D., Jose Renato Pinto, Ph.D., And Claudia Rodrigues, Ph.D.",1,25-Jul-11,"https://scholar.google.com/scholar_case?case=5642022227325423012&q=postdoc*&hl=en&as_sdt=6,34",https://archive.ph/vtSIK,N/A,09-22662-CIV,"United States District Court, S.D. Florida",Federal court,Sanjeev Sirpal,"University Of Miami, A Florida Not For Profit, James D. Potter, Ph.D., Joes Renato Pinto, Ph.D., And Claudia Rodrigues, Ph.D."
9000,7,"Sergey Apionishev, V. Columbia University In The City Of New York",,23-Jan-12,"https://scholar.google.com/scholar_case?case=15381412559067599698&q=Apionishev+v.+Columbia+Univ.+in+the+City+of+New+York&hl=en&as_sdt=6,34",https://archive.ph/YKENT,N/A,09 CIV. 6471,"United States District Court, S.D. New York",Federal court,Sergey Apionishev,Columbia University
9100,,Chepilko V. Cigna Life Ins. Co. Of N.Y.,1,26-Jun-12,"https://scholar.google.com/scholar_case?case=1773434256890944483&q=chepilko+v+cigna&hl=en&as_sdt=6,34",https://archive.ph/I3ye9,N/A,08 CIV. 4033 JGK,"United States District Court, S.D. New York",Federal court,Sergei Chepilko,Cigna Group Insurance
9200,,"Teresa Sledge, Et Al., V. United States Of America",2,13-Jul-12,"https://scholar.google.com/scholar_case?case=564024373932758178&q=post-doc*&hl=en&as_sdt=6,34",https://archive.ph/yBRKP,883 F.Supp.2d 71 (2012),RWT 06cv742,"United States District Court, District of Columbia",Federal court,"Teresa Sledge, Et Al., V. United States Of America",United States Of America
9300,,Weihua Huang  V. The Rector And Visitors Of The University Of Virginia,1,6-Sep-12,https://casetext.com/case/weihua-huang-v-rector-visitors-of-the-univ-of-va,https://archive.ph/AHbMd,896 F.Supp.2d 524 (2012,3:11-CV-00050,"United States District Court, W.D. Virginia, Charlottesville Division",Federal court,Weihua Huang,"The Rector And Visitors Of The University Of Virginia, Et Al."
9400,,Humane Society Of U.S. V. Superior Court,4,27-Mar-13,https://advance.lexis.com/documentpage/?pdmfid=1000516&crid=e90bd839-8ea1-4737-a303-d052828bb908&config=00JAA0NDgwMGE5Mi01ODYxLTRkZDEtODQ0OS1mYmEyN2M3ZmZmZWQKAFBvZENhdGFsb2fyUIbYd2jFgdWUbISiHcjK&pddocfullpath=%2Fshared%2Fdocument%2Fcases%2Furn%3AcontentItem%3A582D-H2F1-F04B-N0GM-00008-00&pdcontentcomponentid=506037&pdteaserkey=sr9&pditab=allpods&ecomp=L5w_kkk&earg=sr9&prid=33446a7d-4756-455c-b8a2-8e50291bcc02,https://archive.ph/QDP0Y,214 Cal. App. 4th 1233 | 155 Cal. Rptr. 3d 93 | 2013 Cal. App. LEXIS 235,C067081,"Court of Appeal of California, Third Appellate District",State court,Humane Society Of U.S.,Superior Court
9500,,Board Of Trustees Of Leland Stanford Junior University V. Christine Marie Ham,4,15-May-13,"https://scholar.google.com/scholar_case?case=13484221712514754655&q=Board+Of+Trustees+Of+Leland+Stanford+Junior+University+V.+Ham&hl=en&as_sdt=6,34",https://archive.ph/t8uDH,216 Cal.App.4th 330 (2013); 156 Cal.Rptr.3d 893,H038784,"Court of Appeals of California, Sixth District",State court,Board Of Trustees Of Leland Stanford Junior University,Christine Marie Ham
9600,,"Dharma P. Agrawal V. University Of Cincinnati, Et Al.",2,7-Oct-13,"https://scholar.google.com/scholar_case?case=5698319274324173560&q=post-doc*&hl=en&as_sdt=6,34",https://archive.ph/7C9gq,977 F.Supp.2d 800 (2013),1:10-cv-766,"United States District Court, S.D. Ohio, Western Division",Federal court,Dharma P. Agrawal,"University Of Cincinnati, Et Al."
9700,,Board Of Regents Of The University System Of Georgia V. Winter,2,25-Mar-15,"https://scholar.google.com/scholar_case?case=10683564020641278009&q=postdoc*&hl=en&as_sdt=6,34",https://archive.ph/bNNjc,N/A,A14A1851.,Court of Appeals of Georgia,State court,Board Of Regents Of The University System Of Georgia,Winter
9800,,United States Of America V. Scott Thompson,2,28-May-15,"https://scholar.google.com/scholar_case?case=8053210555363963537&q=postdoc*&hl=en&as_sdt=6,34",https://archive.ph/cQsjT,N/A,11-50054-JLV,"United States District Court, D. South Dakota",Federal court,United States Of America,Scott Thompson
9900,,"Kyung M. Choi  V. Ray Mabus, Secretary Of The United States Department Of Nav",3,11-Jun-15,https://calculators.law/caselaw/decisions/choi-v-mabus,https://archive.ph/DwrJW,N/A,15-656,"United States Court of Appeals, Ninth Circuit",Federal court,Kyung Choi,"Ray Mabus, Secretary Of The United States Department Of Navy"
10000,6,Michael Gyda v. Federal Bureau of Investigation Crime Laboratory; United States Department of Energy Office of Science; Oak Ridege Institute for Science and Education; and Oak Ridge Associated Universities.,5,6-Jul-15,"https://scholar.google.com/scholar_case?case=8064693682243791356&q=gyda+&hl=en&as_sdt=6,34",https://archive.ph/uelrA,N/A,CIV.A. 13-7591,"United States District Court, E.D. Pennsylvania",Federal court,"Michael Gyda, Iii",Federal Bureau of Investigation Crime Laboratory; United States Department of Energy Office of Science; Oak Ridege Institute for Science and Education; and Oak Ridge Associated Universities.
10100,6,Michael Gyda v. Federal Bureau of Investigation Crime Laboratory; United States Department of Energy Office of Science; Oak Ridege Institute for Science and Education; and Oak Ridge Associated Universities.,5,6-Jul-15,"https://scholar.google.com/scholar_case?case=14325098282904430794&q=gyda+&hl=en&as_sdt=6,34",https://archive.ph/zfDLe,N/A,CIV.A. 13-7591,"United States District Court, E.D. Pennsylvania",Federal court,"Michael Gyda, Iii",Federal Bureau of Investigation Crime Laboratory; United States Department of Energy Office of Science; Oak Ridege Institute for Science and Education; and Oak Ridge Associated Universities.
10200,8,"Yan Yan V. Pennsylvania State University, Et Al.",2,11-Aug-15,"https://scholar.google.com/scholar_case?case=1535691432418440722&q=post-doc*&hl=en&as_sdt=6,34",https://archive.ph/vsP5b,N/A,4:14-CV-01590,"United States District Court, M.D. Pennsylvania",Federal court,Yan Yan,Pennsylvania State University
10300,8,Yan Yan V. Fox Chase Cancer Center,2,22-Oct-15,"https://scholar.google.com/scholar_case?case=2330552957266431445&q=Yan+Yan+V.+Fox+Chase+Cancer+Center&hl=en&as_sdt=6,34",https://archive.ph/xx96z,N/A,15-2099.,"United States Court of Appeals, Third Circuit",Federal court,Yan Yan,Fox Chase Cancer Center
10400,,"Tawny Hiatt V. Colorado Seminary, Alan Kent, And Jacaranda Palmateer",2,5-Apr-16,"https://scholar.google.com/scholar_case?case=792999252194247005&q=post-doc*&hl=en&as_sdt=6,34",https://archive.ph/zvKTG,N/A,cv-00192-RBJ,"United States District Court, D. Colorado",Federal court,Tawny Hiatt,"Colorado Seminary, A Colorado Nonprofit Corporation, Alan Kent, And Jacaranda Palmateer"
10500,,"Judy Guzman V. The Consumer Law Group, P.A.; American Credit Counselors, Inc.; American Debt Negotiators, Inc.; Betouch Management Venture Company; Ran Barnea; Daniel Post; And Michael Metzner",2,26-May-16,"https://scholar.google.com/scholar_case?case=6930519279275939029&q=post-doc*&hl=en&as_sdt=6,34",https://archive.ph/zDt7X,N/A,CV 111-187,"United States District Court, S.D. Georgia, Augusta Division",Federal court,"Judy Guzman, On Behalf Of Herself And All Others Similarly Situated","The Consumer Law Group, P.A.; American Credit Counselors, Inc.; American Debt Negotiators, Inc.; Betouch Management Venture Company; Ran Barnea; Daniel Post; And Michael Metzner"
10600,,Shanshan Zhan V. University Of Mississippi Medical Center,2,26-Sep-16,"https://scholar.google.com/scholar_case?case=11638396944199169022&q=postdoc*&hl=en&as_sdt=6,34",https://archive.ph/CLs92,N/A,3:14-CV-777-CWR-FKB,"United States District Court, S.D. Mississippi, Northern Division",Federal court,Shanshan Zhan,University Of Mississippi Medical Center
10700,,"Barbara Luka V. Bard College, Frank Scalzo, Michele Dominy, And Leon Botstein",2,29-Jun-17,"https://scholar.google.com/scholar_case?case=3308988483994128936&q=postdoc*&hl=en&as_sdt=6,34",https://archive.ph/FTsb7,263 F.Supp.3d 478 (2017),15-cv-04598 (ALC) (DCF).,"United States District Court, S.D. New York",Federal court,Barbara Luka,"Bard College, Frank Scalzo, Michele Dominy, And Leon Botstein"
10800,,Gerald N. Pellegrini V. Northeastern University,2,30-Oct-17,"https://scholar.google.com/scholar_case?case=14212929171238137226&q=postdoc*&hl=en&as_sdt=6,34",https://archive.ph/aueaT,N/A,16-P-1669,Appeals Court of Massachusetts,State court,Gerald N. Pellegrini,Northeastern University & Nian X. Sun
10900,,Kristen Walker V. Regents Of The University Of California,2,21-Nov-17,"https://scholar.google.com/scholar_case?case=7553646407103584832&q=postdoc*&hl=en&as_sdt=6,34",https://archive.ph/wZzya,N/A,C076117,"Court of Appeals of California, Third District, Yolo",State court,Kristen Walker,Regents Of The University Of California
11000,,Asli Uyar V. Emri Seli And Yale University,2,31-Mar-18,"https://scholar.google.com/scholar_case?case=15988556155905191990&q=postdoc*&hl=en&as_sdt=6,34",https://archive.ph/i8fkN,N/A,3:16-CV-00186 (VLB),"United States District Court, D. Connecticut",Federal court,Asli Uyar,Emri Seli And Yale University
11100,,"In Re Robert Lewis, Jr., On Habeas Corpus.",4,24-May-18,"https://scholar.google.com/scholar_case?case=11385122653524426501&q=In+Re+Robert+Lewis,+Jr.,+On+Habeas+Corpus.+S117235+2018&hl=en&as_sdt=6,34",https://archive.ph/edFlG,4 Cal.5th 1185 (2018); 233 Cal.Rptr.3d 114; 417 P.3d 756,S117235,Supreme Court of California,State court,United States Of America,
11200,,"Sionyx, Llc And President And Fellows Of Harvard College V. Hamamatsu Photonics K.K., Hamamatsu Corp., Ocean Optics, Inc., And John Does 1-10",2,24-Jul-18,"https://scholar.google.com/scholar_case?case=13740181999689344444&q=postdoc*&hl=en&as_sdt=6,34",https://archive.ph/ns8Ei,332 F.Supp.3d 446 (2018),15-13488-FDS,"United States District Court, D. Massachusetts",Federal court,"Sionyx, Llc And President And Fellows Of Harvard College","Hamamatsu Photonics K.K., Hamamatsu Corp., Ocean Optics, Inc., And John Does 1-10"
11300,,"Paul Hunt V. Board Of Regents Of The University Of New Mexico; Scott Carroll, M.D., John Doe And Jane Doe Members Of The Committee For Student Promotion And Evaluation, Teresa A. Vigil, M.D., Paul Roth, M.D.",2,6-Sep-18,"https://scholar.google.com/scholar_case?case=3159867863113534275&q=post-doc*&hl=en&as_sdt=6,34",https://archive.ph/u4uNv,338 F.Supp.3d 1251 (2018),16-272 JCH/KK,"United States District Court, D. New Mexico",Federal court,Paul Hunt,"Board Of Regents Of The University Of New Mexico; Scott Carroll, M.D., In His Individual And Official Capacities; John Doe And Jane Doe Members Of The Committee For Student Promotion And Evaluation, In Their Individual And Official Capacities, Teresa A. Vigil, M.D., In Her Individual And Official Capacities; Paul Roth, M.D., In His Individual And Official Capacities"
11400,,"Saswati N. Chand V. Merck & Co., Inc.",2,26-Jul-19,"https://scholar.google.com/scholar_case?case=10797691032788140339&q=post-doc*&hl=en&as_sdt=6,34",https://archive.ph/9HqEf,N/A,19-0286,"United States District Court, E.D. Pennsylvania",Federal court,Saswati N. Chand,"Merck & Co., Inc."
11500,,United States Of America V. Larry Singleton,2,13-Aug-19,"https://scholar.google.com/scholar_case?case=10216400811566199085&q=post-doc*&hl=en&as_sdt=6,34",https://archive.ph/Nb5gY,N/A,3:18-cr-96,"United States District Court, N.D. Ohio, Western Division",Federal court,United States Of America,Larry Singleton
11600,,"Mahesh Khatri V. The Ohio State University, Et Al.",2,17-Jan-20,"https://scholar.google.com/scholar_case?case=7058784399899383870&q=post-doc*&hl=en&as_sdt=6,34",https://archive.ph/eUJHI,N/A,5:18CV2962,"United States District Court, N.D. Ohio, Eastern Division",Federal court,Mahesh Khatri,The Ohio State University
11700,,Dr. Michael Carter V. Nevada System Of Higher Education,2,23-Apr-20,"https://scholar.google.com/scholar_case?case=1970539666208818195&q=post-doc*&hl=en&as_sdt=6,34",https://archive.ph/FAI7L,N/A,77574-COA,Court of Appeals of Nevada,State court,Dr. Michael Carter,"Nevada System Of Higher Education, A Nevada State Entity"
11800,,"Christina Rossi V. University Of Utah, F. Edward Dudek,  Kristin A. Keefe, John A. White, Jeffrey J. Ekstrand, Bradley Greger, Jeffrey R. Botkin, And Does 1 Through 25",2,5-May-20,"https://scholar.google.com/scholar_case?case=1914949342889296174&q=post-doc*&hl=en&as_sdt=6,34",https://archive.ph/Tr3k8,N/A,2:15-cv-767,"United States District Court, D. Utah",Federal court,Christina Rossi,"University Of Utah, F. Edward Dudek, Kristin A. Keefe, John A. White, Jeffrey J. Ekstrand, Bradley Greger, Jeffrey R. Botkin, And Does 1 Through 25"
11900,,Vered Madar V. Gil Madar,2,31-Dec-20,"https://scholar.google.com/scholar_case?case=12741924256661299514&q=post-doc*&hl=en&as_sdt=6,34",https://archive.ph/YFmoB,16 CVD 1322,COA20-28,Court of Appeals of North Carolina,State court,Vered Madar,Gil Madar
12000,,"Astellas Institute For Regenerative Medicine V. Imstem Biotechnology, Inc., Et Al.",2,5-Feb-21,"https://scholar.google.com/scholar_case?case=14725759666474026256&q=post-doc*&hl=en&as_sdt=6,34",https://archive.ph/B901k,N/A,17-cv-12239-ADB,"United States District Court, D. Massachusetts",Federal court,Astellas Institute For Regenerative Medicine,"Imstem Biotechnology, Inc."
