Data element,Definition,Source,Type,Format,Values
Archived URL,Persistent location of case transcript,archive.today,Text,URL,
Citation,"Legal citation, typically to the Federal Supplement or similar source",Case transcript,Text,Legal Blue book,
Cluster,Cluster of multiple documents involving the same participants,Assigned by researchers based on reading the transcript.,categorical,single digit or blank,"1, 2, 3, or blank"
Court,Court that published the document,Case transcript,text,Proper case,
Date,"Decision or publication date. If multiple dates are listed, use the latest date.",Case transcript,Date,dd-mmm-yyyy,7-May-1946 to 5-Feb-2021
Defendant(s),"A person or entity that is facing a civil lawsuit, or that has been accused of a crime. Also accused or respondent.",Case transcript,text,Proper case,
DocID,Unique record identifier for a public domain document,Assigned by researchers based on date order for cases in postdoclegal 1.0,number,x00-xxx00,100-11500
Docket number,A sequential number assigned by the court,Case transcript,text,varies depending on the court,
Plaintiff,The party who initiates a court action,Case transcript,text,Proper case,
Source,How the case was identified in search,Assisgned by researchers based on their search process,categorical,single digit,1 = original 2012 Westlaw search; 2 = 2021 Google Scholar Search; 3 = 2018 Westlaw robustness check;  4 = State of California; 5 = Additional document in cluster identified by other methods
Title,Full title of the case,Case transcript,text,Plaintiff v. Defendant; Proper case,N/A
Type of court,Jurisdiction of the court that published the document,Case transcript,categorical,,"federal, state, special"
URL to full text,Link to full text of document,"Google Scholar preferred, other internet search if necessary",text,URL,